company_name,industry,linkedin_url,website,description,company_size,location,email,phone,fit_score,fit_reason,source,address,rating,total_reviews,icebreaker,sheets_row,status,session_id,contacts,icp_match_score,icp_match_reason
Ajay Apparels,Apparel Manufacturing,https://in.linkedin.com/company/ajay-apparels,,"Homegrown Indian B2B, B2C and D2C clothing manufacturing entity founded in 1991 specializing in high-quality garments for fashion brands and retailers.",85 followers,,,,85,Ajay Apparels is an apparel manufacturer that closely matches the target customer for AI-powered sorting automation in clothing production workflows.,yahoo_linkedin,,,,,,pending,357b219d-5ff0-4d84-9313-c45da5b348ee,[],,
Apparel Manufacturing,Apparel & Promotional Products,https://www.linkedin.com/company/apparel-manufacturing,,"A third-generation, family owned and operated business providing branded apparel and promotional products across industries.",,,,,65,"Operates in apparel production, aligning with clothing workflow automation but primarily focused on branded and promotional products rather than manufacturing efficiency.",yahoo_linkedin,,,,,,pending,357b219d-5ff0-4d84-9313-c45da5b348ee,[],,
Arvind Limited,Textiles & Apparel,https://www.linkedin.com/company/arvindlimited,,A US $1 billion textile company creating opportunities beyond conventional boundaries.,"254,201 followers",,,,85,Arvind Limited operates in textile and clothing production where AI-powered sorting automation can directly enhance efficiency and quality.,yahoo_linkedin,,,,,,pending,357b219d-5ff0-4d84-9313-c45da5b348ee,[],,
JYOTI COLLECTION,"Apparel, Fashion and Clothing",https://in.linkedin.com/company/jyoti-collection_akola,,"House of readymade garments specializing in apparels, fashion, and clothing.",23 followers,,,,75,"The company operates in apparel manufacturing where AI sorting automation can improve workflow efficiency, making it a good industry match.",yahoo_linkedin,,,,,,pending,357b219d-5ff0-4d84-9313-c45da5b348ee,[],,
Shahi Exports Pvt. Ltd.,Apparel Manufacturing & Export,https://in.linkedin.com/company/shahi-exports-pvt-ltd-,,One of India’s leading vertically integrated manufacturers and exporters of ready-to-wear apparels with 48 state-of-the-art facilities.,,,,,90,"As a large apparel manufacturer, Shahi Exports closely aligns with the target audience for AI-powered sorting automation in clothing production workflows.",yahoo_linkedin,,,,,,pending,357b219d-5ff0-4d84-9313-c45da5b348ee,[],,
"IGB PVT LTD, PUNE",Fashion & Accessories Manufacturing,https://in.linkedin.com/company/dyanamic-fashion-private,,Internacia India Marketing Private Limited — a manufacturing company in fashion and accessories sector.,"3,576 followers",,,,85,"This company operates in fashion and accessories manufacturing, closely matching the target customer profile for AI-powered clothing production automation.",yahoo_linkedin,,,,,,pending,357b219d-5ff0-4d84-9313-c45da5b348ee,[],,
The Clothing Manufacturers Association Of India (CMAI),Apparel Industry Association,https://www.linkedin.com/company/clothing-manufacturers,,"Membership organization with over 20,000 companies including readymade garment manufacturers, exporters, retailers, and ancillary industries.","20,000+ member companies",,,,65,"Industry association for clothing manufacturers with broad connections but not a direct producer, making it a good strategic but indirect fit.",yahoo_linkedin,,,,,,pending,357b219d-5ff0-4d84-9313-c45da5b348ee,[],,
ApparelMagic,Apparel software / ERP solutions,https://www.linkedin.com/company/apparelmagic---apparel,,"Provides cutting-edge apparel manufacturing and management software, training, and support for fashion businesses.",,,,,65,"Operates in apparel manufacturing software, aligning with clothing production workflows but not directly focused on sorting automation.",yahoo_linkedin,,,,,,pending,357b219d-5ff0-4d84-9313-c45da5b348ee,[],,
Polygon Software,"ERP, PLM, and CAD solutions for apparel manufacturers",https://www.linkedin.com/company/polygon-software,,"Global provider of ERP, PLM, and CAD software solutions for apparel manufacturers, sewn-goods businesses, and textile mills.",,,,,65,Serves apparel manufacturers and related industries where AI sorting automation could complement existing ERP and PLM solutions.,yahoo_linkedin,,,,,,pending,357b219d-5ff0-4d84-9313-c45da5b348ee,[],,
N41,Apparel ERP software,https://www.linkedin.com/company/n41,,Leading apparel ERP software solution provider offering innovative features and services for fashion and manufacturing companies.,,,,,65,"Operates in the apparel manufacturing software space, aligning with clothing production workflows though focused more on ERP than automation.",yahoo_linkedin,,,,,,pending,357b219d-5ff0-4d84-9313-c45da5b348ee,[],,
iSync Solutions,Apparel ERP and software solutions,https://www.linkedin.com/company/apparel-software-sync,,"Develops, implements, and supports ERP solutions used by over 120 apparel companies, including leading clothing brands and suppliers.",,,,,65,Apparel-focused software provider likely aligns with automation needs in clothing production workflows.,yahoo_linkedin,,,,,,pending,357b219d-5ff0-4d84-9313-c45da5b348ee,[],,
Sync Apparel ERP,Apparel ERP + PLM + B2B platform,https://za.linkedin.com/company/apparel-software-sync,,"AI-native ERP, PLM, and B2B platform purpose-built for apparel, connecting design, production, inventory, and sales management.",,,,,60,"Operates in apparel production software, likely a match but may also compete in AI solutions rather than need sorting automation.",yahoo_linkedin,,,,,,pending,357b219d-5ff0-4d84-9313-c45da5b348ee,[],,
Aria Systems Inc,Apparel software applications,https://www.linkedin.com/company/aria-systems-for,,"Provides apparel software for manufacturing and distribution companies to improve workflow, enhance supply chain visibility, and increase efficiency.",,,,,75,"Operates in apparel manufacturing software, aligning with workflow efficiency improvements but not specifically AI-powered sorting automation.",yahoo_linkedin,,,,,,pending,357b219d-5ff0-4d84-9313-c45da5b348ee,[],,
InStyle Apparel Software,"Apparel, footwear, and accessories software",https://www.linkedin.com/company/in-style-software,,"Provides apparel software solutions supporting companies in apparel, footwear, and accessories industries.",79 followers,,,,55,"Provides apparel industry software but not focused on AI-powered production automation, making it a possible fit.",yahoo_linkedin,,,,,,pending,357b219d-5ff0-4d84-9313-c45da5b348ee,[],,
Orient Craft Limited,Garment Design and Manufacturing,https://in.linkedin.com/company/orient-craft-limited,,"Established over 40 years ago, leading garment design house in India with large-scale world-class manufacturing operations.","30,787 followers",,,,90,"Orient Craft Limited operates in garment manufacturing, aligning perfectly with AI-powered sorting automation for clothing production workflows.",yahoo_linkedin,,,,,,pending,357b219d-5ff0-4d84-9313-c45da5b348ee,[],,
Methods Apparel Consultancy India Pvt. Ltd.,Apparel Productivity and Process Consulting,https://in.linkedin.com/company/methods-apparel,,"Provides production tracking systems using Barcode or RFID technology to improve productivity, quality awareness, and lean manufacturing disciplines.",,,,,75,"Works in apparel production efficiency and quality improvement, aligning well with AI sorting automation for clothing workflows.",yahoo_linkedin,,,,,,pending,357b219d-5ff0-4d84-9313-c45da5b348ee,[],,
Ronak Fashion Pvt Ltd.,Apparel Manufacturing,https://in.linkedin.com/company/ronak-fashion-pvt-ltd,www.ronakfashion.com,"Offers valuable apparel products and services for partners; headquartered in Vadodara, Gujarat.",11-50 employees,,,,85,An apparel manufacturing company that would benefit directly from AI-powered sorting automation to improve efficiency in clothing production workflows.,yahoo_linkedin,,,,,,pending,357b219d-5ff0-4d84-9313-c45da5b348ee,[],,
Mirthuni Apparel Sourcing Service,Apparel Sourcing,https://www.linkedin.com/company/mirthuniapparelsourcing,,"Tiruppur-based sourcing agency helping fashion brands, importers, and wholesalers access export-quality knitted garments from certified manufacturers.",,,,,70,"An apparel sourcing agency in the clothing industry that could benefit from AI-powered sorting automation, though not directly involved in production workflows.",yahoo_linkedin,,,,,,pending,357b219d-5ff0-4d84-9313-c45da5b348ee,[],,
Bombay Rayon Fashions Limited,Textiles,https://www.linkedin.com/company/bombay-rayon-fashions,,A vertically integrated textile company engaged in the manufacture of a wide range of fabrics and garments from state-of-the-art production facilities.,,,,,85,"The company manufactures garments and fabrics, making it an excellent fit for AI-powered sorting automation in clothing production workflows.",yahoo_linkedin,,,,,,pending,357b219d-5ff0-4d84-9313-c45da5b348ee,[],,
Mirari Designs Pvt. Ltd.,Textiles,https://in.linkedin.com/company/the-mirari-life,,"Works with artisans across India to revive age-old weaving, embroidery, and hand-printing techniques.",,,,,55,"Operates in textiles but focuses on artisanal, manual techniques rather than automated clothing production processes.",yahoo_linkedin,,,,,,pending,357b219d-5ff0-4d84-9313-c45da5b348ee,[],,
Cotton Corporation Of India Ltd. (CCI),Textile Manufacturing,https://www.linkedin.com/company/cotton-corporation-of,,"Government-owned enterprise in the textile manufacturing sector headquartered in Mumbai, Maharashtra.",51-200 employees,,,,75,"Operates in textile manufacturing, which aligns well with clothing production workflows where AI-powered sorting automation could improve efficiency.",yahoo_linkedin,,,,,,pending,357b219d-5ff0-4d84-9313-c45da5b348ee,[],,
Vardhman Textiles,Textiles,https://in.linkedin.com/company/vardhman,,"A leading textile conglomerate in India with a turnover of over $1.1 billion, operating 22 manufacturing facilities across five states.",,,,,85,"Vardhman Textiles operates large-scale clothing manufacturing facilities, making it an ideal customer for AI-powered sorting automation to improve production efficiency.",yahoo_linkedin,,,,,,pending,357b219d-5ff0-4d84-9313-c45da5b348ee,[],,
A.T.E. Group,Machinery and Textiles,https://in.linkedin.com/company/a-t-e-enterprises-pvt-ltd-,,"Operates with a pan-India presence and a subsidiary in Bangladesh, manufacturing precision spinning machinery components and innovative solutions.",,,,,75,"Operates in textile machinery manufacturing, aligning well with clothing production automation needs but not explicitly focused on AI-based solutions.",yahoo_linkedin,,,,,,pending,357b219d-5ff0-4d84-9313-c45da5b348ee,[],,
JK Group Of Companies,Textiles,https://in.linkedin.com/company/jkgroupofcompanies,,"A cloth trading company evolved into a significant textile business with production in spinning, weaving, processing, and stitching across divisions in yarn, fabrics, home textiles, and institutional linen.",,,,,85,They operate in textile production processes where clothing workflow automation can directly improve efficiency and quality.,yahoo_linkedin,,,,,,pending,357b219d-5ff0-4d84-9313-c45da5b348ee,[],,
Trident Group India,Textiles and Paper,https://in.linkedin.com/company/tridentgroupglobal,,Operates in two major business segments—textiles and paper—with manufacturing facilities located in Punjab and Madhya Pradesh.,,,,,75,A large textile manufacturer whose clothing production operations could benefit from AI-powered sorting automation.,yahoo_linkedin,,,,,,pending,357b219d-5ff0-4d84-9313-c45da5b348ee,[],,
SETEX Schermuly textile computer GmbH,Manufacturing Operations Management Software / Textile Machinery Controls,https://www.linkedin.com/company/setex-schermuly-textile,,"A one-stop supplier of manufacturing operations management software and controls for textile machinery, offering smart applications and IIoT technology.",,,,,65,Operates in textile manufacturing technology with potential alignment to AI-driven production efficiency solutions.,yahoo_linkedin,,,,,,pending,357b219d-5ff0-4d84-9313-c45da5b348ee,[],,
Datatex,"Textile, Apparel, Footwear, and Leather Software Solutions",https://in.linkedin.com/company/datatex,,"Developer of integrated digital solutions connecting design, planning, and production across textile, apparel, footwear, and leather industries.",,,,,70,"Datatex operates in textile and apparel production software, aligning well with AI-driven workflow automation for clothing manufacturing.",yahoo_linkedin,,,,,,pending,357b219d-5ff0-4d84-9313-c45da5b348ee,[],,
Textronics Design Systems (India) Private Limited,CAD/CAM Software for Textile and Fashion,https://www.linkedin.com/company/textronic-com,,"Provides a comprehensive range of CAD and CAM solutions for textile mills, fashion and fabric designers, garment manufacturers, retail brands, and tailoring studios.",,,,,65,"Operates in the textile and apparel technology space and could benefit from production automation, though it primarily focuses on design software rather than manufacturing workflow.",yahoo_linkedin,,,,,,pending,357b219d-5ff0-4d84-9313-c45da5b348ee,[],,
WINS SOFT,Software Development / Automation Solutions,https://in.linkedin.com/company/wins-soft,,Premier software development company focused on automation and quality software solutions with high customer satisfaction.,,,,,55,"The company provides automation software solutions, which aligns partially but not specifically with AI-powered sorting for clothing production.",yahoo_linkedin,,,,,,pending,357b219d-5ff0-4d84-9313-c45da5b348ee,[],,
Penelope Integrated Textile Solutions,Textile Software / CAD Solutions,https://es.linkedin.com/company/penelopecad,,"Developer of graphic software for the textile sector, providing client-oriented solutions for over 30 years.",,,,,55,Provides software for the textile industry but focuses on CAD design rather than manufacturing automation.,yahoo_linkedin,,,,,,pending,357b219d-5ff0-4d84-9313-c45da5b348ee,[],,
Utopia Industries,Manufacturing / Textiles,https://www.linkedin.com/company/utopiaindustries,,"Utopia Industries started operation in 2020, building 4 million square feet of manufacturing facilities at 6 different locations. It is a top exporter of Pakistan with approximately 15,000 employees.","Approx. 15,000 employees",,,,85,A large textile manufacturing company that aligns closely with the target of improving clothing production workflows through AI automation.,yahoo_linkedin,,,,,,pending,357b219d-5ff0-4d84-9313-c45da5b348ee,[],,
Lindström,Textile Services / Industrial Services,https://www.linkedin.com/company/lindstrom,https://www.lindstromgroup.com,"Lindström provides workwear and cleanroom textiles, mats, industrial wipers, and washroom products, serving hotels, restaurants, and healthcare industries.",,,,,55,"Operates in textile services rather than clothing production, though related to textiles and may benefit from automation improvements.",yahoo_linkedin,,,,,,pending,357b219d-5ff0-4d84-9313-c45da5b348ee,[],,
Berendsen,"Textile, Hygiene and Facility Services",https://www.linkedin.com/company/berendsen,,"Berendsen is part of Elis, an international multi-service provider offering textile, hygiene, and facility service solutions.","Approx. 11,886 followers on LinkedIn",,,,55,"Berendsen works in textile services, which relates to clothing but focuses on rental and hygiene rather than production automation.",yahoo_linkedin,,,,,,pending,357b219d-5ff0-4d84-9313-c45da5b348ee,[],,
Trosort,Textile Automation,https://www.linkedin.com/company/trosort,,Focused on improving how second-hand clothing is sorted by combining smart technology with practical solutions to digitize textile sorting.,,,,,85,"Trosort operates in textile automation using smart technology for clothing sorting, directly matching the AI-powered sorting automation focus.",yahoo_linkedin,,,,,,pending,357b219d-5ff0-4d84-9313-c45da5b348ee,[],,
"White Conveyors, Inc",Automated Garment Systems,https://www.linkedin.com/company/white-conveyors-inc,,"Worldwide leader in automated garment sorting, storage, and retrieval systems for dry cleaning, laundry, hospitality, correctional, and retail industries.",,,,,75,"Operates in automated garment handling, closely aligned with clothing production workflows and could benefit from AI-powered sorting automation.",yahoo_linkedin,,,,,,pending,357b219d-5ff0-4d84-9313-c45da5b348ee,[],,
Unbox Robotics,Automation Machinery Manufacturing,https://in.linkedin.com/company/unboxrobotics,,Builds full-stack robotic systems that help retail and e-commerce warehouses improve sortation efficiency.,"35,747 followers",,,,45,The company provides robotic automation for warehouse sortation rather than AI sorting specific to clothing production workflows.,yahoo_linkedin,,,,,,pending,357b219d-5ff0-4d84-9313-c45da5b348ee,[],,
Jack Technology,Textile Equipment Manufacturing,https://www.linkedin.com/company/jack-technology,,"A global company that integrates auxiliary material warehousing, intelligent cutting, hanging, sewing, sorting, and finishing.",,,,,90,"The company operates in textile equipment manufacturing and focuses on intelligent automation and sorting in clothing production, aligning closely with the target customer description.",yahoo_linkedin,,,,,,pending,357b219d-5ff0-4d84-9313-c45da5b348ee,[],,
Autovalet Systems LLC,Automation Solutions for Hospitality,https://www.linkedin.com/company/autovaletsystems,,Provides automated conveyors that distribute employee uniforms with integrated RFID tracking for hotels and casinos worldwide.,,,,,55,"Provides automation with RFID for hospitality uniform distribution, which relates to clothing logistics but not production workflows.",yahoo_linkedin,,,,,,pending,357b219d-5ff0-4d84-9313-c45da5b348ee,[],,
GBI Intralogistics Solutions,Intralogistics and Automation,https://www.linkedin.com/company/gbi-intralogistics,,"Designs, manufactures, assembles, and supports automated warehouse equipment and software.",,,,,65,"Operates in automation and logistics, which aligns with AI-powered sorting but is focused on warehouses rather than clothing production.",yahoo_linkedin,,,,,,pending,357b219d-5ff0-4d84-9313-c45da5b348ee,[],,
NewRetex A/S,Textile Recycling and Automation,https://www.linkedin.com/company/newretex,,Developed the world's first fully automated textile sorting facility with a traceability system specializing in automatic textile sorting.,,,,,85,Their focus on automated textile sorting aligns closely with AI-powered sorting automation for clothing production workflows.,yahoo_linkedin,,,,,,pending,357b219d-5ff0-4d84-9313-c45da5b348ee,[],,
EuroSort,"Transportation, logistics, supply chain, and warehousing",https://bi.linkedin.com/company/eurosort,http://www.eurosort.com,"Specializes in sorting systems, carton sorting, single item high volume sorting, garment sorting, pharma sorting, shoe sorting, and Post & Parcel sorting.",201-500 employees,,,,65,"EuroSort operates in sorting automation across multiple sectors, aligning with workflow automation but not specifically focused on clothing production.",yahoo_linkedin,,,,,,pending,357b219d-5ff0-4d84-9313-c45da5b348ee,[],,
Equinox MHE,Internal logistics and supply chain integration,https://www.linkedin.com/company/equinox-mhe,,"System integrator for internal logistics providing end-to-end supply chain solutions worldwide, specializing in integration and sorting systems.",,,,,65,"Equinox MHE operates in logistics and sorting systems, which aligns with automation aspects but not specifically with clothing production workflows.",yahoo_linkedin,,,,,,pending,357b219d-5ff0-4d84-9313-c45da5b348ee,[],,
TUKU Singapore Pte Ltd,Garment conveyor and automation,https://www.linkedin.com/company/tuku-singapore,,"Innovative partner to the garment conveyor industry, providing garment storage conveyor and garment sorting solutions with a proven track record.",,,,,85,"Operates in garment sorting and automation, aligning closely with AI-powered sorting automation for clothing production workflows.",yahoo_linkedin,,,,,,pending,357b219d-5ff0-4d84-9313-c45da5b348ee,[],,
Odoo,Business software / Textile tools,,https://www.odoo.com,Provides all-in-one textile business management tools designed to help grow textile businesses.,,,,,65,"Odoo serves textile businesses with management software, which aligns somewhat with clothing production workflows but not directly with AI-powered sorting automation.",yahoo_linkedin,,,,,,pending,357b219d-5ff0-4d84-9313-c45da5b348ee,[],,
ShipMonk,Fulfillment and logistics,,https://www.shipmonk.com,Offers garment-on-hanger fulfillment services specializing in apparel logistics and expertise.,,,,,60,"ShipMonk operates in apparel fulfillment and logistics, which aligns somewhat with efficiency-focused automation but not directly with clothing production workflows.",yahoo_linkedin,,,,,,pending,357b219d-5ff0-4d84-9313-c45da5b348ee,[],,
AIMS 360,Apparel software / ERP,,https://www.aims360.com,Provides clothing ERP software for managing garment and apparel businesses.,,,,,65,"AIMS 360 serves apparel manufacturers with software solutions, making it a likely match though not directly focused on production automation.",yahoo_linkedin,,,,,,pending,357b219d-5ff0-4d84-9313-c45da5b348ee,[],,
onezero8 Reclaim AI,AI & Robotics / Circular Fashion Innovation,https://www.linkedin.com/company/onezero8,,Redefines garment sorting with AI and robotics; Innovate UK Smart Grant awardee advancing circular fashion innovation.,,,,,35,"The company provides AI-based garment sorting solutions itself, making it a competitor rather than a potential client.",yahoo_linkedin,,,,,,pending,357b219d-5ff0-4d84-9313-c45da5b348ee,[],,
"Softrol Systems, Inc",Industrial Automation / Laundry & Wet Processing,https://co.linkedin.com/company/softrol-systems-inc,,"Offers automation solutions including chemical dispensing systems, material handling rails, and process control for laundry industries.",,,,,65,"Operates in industrial automation for laundry processes, aligning with automation in textile workflows though not specifically clothing production.",yahoo_linkedin,,,,,,pending,357b219d-5ff0-4d84-9313-c45da5b348ee,[],,
Ventura Automation Services Inc,Technology / Engineering / Manufacturing,https://www.linkedin.com/company/ventura-automation-services,,Specializes in fabric inspection systems (FIDAS) for textile manufacturing and other automation solutions.,,,,,75,"Operates in textile manufacturing automation, aligning well with AI-powered clothing workflow solutions.",yahoo_linkedin,,,,,,pending,357b219d-5ff0-4d84-9313-c45da5b348ee,[],,
SAK Garemnts,Manufacturing / Apparel,https://www.linkedin.com/company/sak-garemnts,,"Manufacturing Process Optimization, Quality Assurance and Control, Sustainable Fashion and Ethical Manufacturing, Quality Control and Assurance in Clothing.",,,,,85,"Apparel manufacturer focused on production efficiency and quality control, aligning closely with AI-powered sorting automation for clothing workflows.",yahoo_linkedin,,,,,,pending,357b219d-5ff0-4d84-9313-c45da5b348ee,[],,
Ever Glory International Group Apparel Inc.,Apparel / Supply Chain Management,https://www.linkedin.com/company/ever-glory-apparel,,A world-class supply chain manager providing one-stop value-added services for first-line clothing brands. Focused on design and production for branded customers.,,,,,85,"As a clothing production and supply chain company, they align closely with AI-powered sorting automation to enhance efficiency and quality in apparel workflows.",yahoo_linkedin,,,,,,pending,357b219d-5ff0-4d84-9313-c45da5b348ee,[],,
BLOSKY,Retail Apparel and Fashion,https://in.linkedin.com/company/blosky,www.blosky.co.in,"Men’s clothing brand based in Noida, India.",2-10 employees,,,,65,Small apparel brand aligns with clothing production workflows where sorting automation could improve efficiency.,yahoo_linkedin,,,,,,pending,357b219d-5ff0-4d84-9313-c45da5b348ee,[],,
Locus,Logistics / Supply Chain Optimization,https://www.linkedin.com/company/locus-sh,,"Provides automation for last mile delivery, route planning, on-demand delivery, and real-time supply chain management tracking.",,,,,45,"Locus operates in logistics and delivery optimization, which is somewhat related to automation but not directly focused on clothing production workflows.",yahoo_linkedin,,,,,,pending,357b219d-5ff0-4d84-9313-c45da5b348ee,[],,
Matrix Design and Industries Private Limited,Textile Manufacturing / Apparel,https://in.linkedin.com/company/matrix-clothing-pvt-ltd,,"Strong supply chain alliances with yarn manufacturers, processors, and trim manufacturers. Operates circular and flat knitting machines across vendors and sources globally for efficiency and innovation.",,,,,85,"Matrix Design and Industries operates in textile and apparel manufacturing, aligning closely with AI-powered automation for clothing production workflows.",yahoo_linkedin,,,,,,pending,357b219d-5ff0-4d84-9313-c45da5b348ee,[],,
VEIRDO,Clothing Lifestyle / Fashion,https://www.linkedin.com/company/veirdo,,Indian clothing lifestyle brand creating unique and elegant designs for modern men and women.,,,,,65,"VEIRDO operates in the clothing and fashion industry, which could benefit from AI-powered sorting automation in production workflows.",yahoo_linkedin,,,,,,pending,357b219d-5ff0-4d84-9313-c45da5b348ee,[],,
SPRINGTEX International,Apparel Production / Fashion Design,https://www.linkedin.com/company/springtex-international,,"Specializes in apparel production, fashion design, merchandising, international shipping, fabric sourcing, and printing.",,,,,85,The company operates in apparel production where AI-powered sorting automation can directly improve efficiency and quality.,yahoo_linkedin,,,,,,pending,357b219d-5ff0-4d84-9313-c45da5b348ee,[],,
WFX - World Fashion Exchange,Fashion Technology / Supply Chain Software,https://www.linkedin.com/company/world-fashion-exchange,,"Provides modern, cloud-based, and easy-to-use software solutions for fashion, apparel, textile, home furnishing, and consumer businesses.",,,,,65,"Operates in fashion technology and supply chain software, aligning with clothing production workflows though focused more on software platforms than automation hardware.",yahoo_linkedin,,,,,,pending,357b219d-5ff0-4d84-9313-c45da5b348ee,[],,
Smartex.ai,AI / Textile Manufacturing Technology,https://www.linkedin.com/company/smartex-ai,,"Empowers textile manufacturers to optimize operations, enhance quality control, boost sustainability, and streamline supply chain processes using AI-driven technology.",,,,,85,"Smartex.ai directly serves textile manufacturers with AI solutions that enhance production efficiency and quality, matching the target customer profile almost exactly.",yahoo_linkedin,,,,,,pending,357b219d-5ff0-4d84-9313-c45da5b348ee,[],,
Nextail,Retail Technology / Merchandising Software,https://www.linkedin.com/company/nextaillabs,,"A smart platform for retail merchandising that anticipates localized demand and delivers automated, data-driven decisions.",,,,,55,"Nextail operates in retail merchandising technology, which overlaps with automation but not directly with clothing production workflows.",yahoo_linkedin,,,,,,pending,357b219d-5ff0-4d84-9313-c45da5b348ee,[],,
K3 Fashion Solutions,Fashion Business Technology,https://www.linkedin.com/company/k3-fashion-solutions,,"A leading supplier of fashion business technology with more than 30 years of experience, developing tools to support fashion workflows and improve customer engagement.",,,,,70,"Operates in fashion technology and supports production workflows, aligning well though not directly focused on AI-powered sorting automation.",yahoo_linkedin,,,,,,pending,357b219d-5ff0-4d84-9313-c45da5b348ee,[],,
E-Fashion Software,Fashion Supply Chain Software,https://www.linkedin.com/company/e---fashion-software,,An innovative Italian company providing research and development of integrated supply chain management software solutions for the fashion sector.,,,,,70,"E-Fashion Software operates in fashion supply chain software, aligning with clothing production workflows though it focuses more on management than physical automation.",yahoo_linkedin,,,,,,pending,357b219d-5ff0-4d84-9313-c45da5b348ee,[],,
D&J Fashion Manufacturer,Apparel Manufacturing,https://www.linkedin.com/company/dnjfashion,,D&J Fashion Manufacturer offers OEM & ODM clothing supply chain solutions for independent labels and global brands.,,,,,85,"This apparel manufacturer aligns closely with the target description, as AI-powered sorting automation directly benefits clothing production workflows.",yahoo_linkedin,,,,,,pending,357b219d-5ff0-4d84-9313-c45da5b348ee,[],,
Lambda Supply Chain,Supply Chain Technology,https://in.linkedin.com/company/lambdascs,,Lambda Supply Chain’s Optiflow platform provides AI-powered supply chain design and planning to help enterprises optimize operations.,"3,605 followers",,,,45,"Lambda Supply Chain operates in AI-driven supply chain optimization, which is tangential to but not directly aligned with clothing production sorting automation.",yahoo_linkedin,,,,,,pending,357b219d-5ff0-4d84-9313-c45da5b348ee,[],,
Looks for Lease Technologies Inc.,Virtual Commerce / Supply Chain Technology,https://www.linkedin.com/company/looks-for-lease,,"L4L pioneers localized carbon-neutral supply chains and AI search optimization, merging body scanning technology for future virtual commerce.",,,,,55,"Operates in supply chain and AI technology with some relevance to clothing workflows, but focuses on virtual commerce rather than production automation.",yahoo_linkedin,,,,,,pending,357b219d-5ff0-4d84-9313-c45da5b348ee,[],,
Advanced Clothing Concepts,Apparel & Uniform Manufacturing,https://in.linkedin.com/company/advanced-clothing-concepts,,"Advanced Clothing Concepts began with a vision to revolutionize uniform design, offering innovative clothing solutions.","3,916 followers",,,,85,"The company operates in apparel manufacturing and focuses on innovation in clothing production, aligning closely with AI-powered sorting automation goals.",yahoo_linkedin,,,,,,pending,357b219d-5ff0-4d84-9313-c45da5b348ee,[],,
FCPConsulting - Fashion Collection Production,Fashion Production Consulting,https://www.linkedin.com/company/fcpconsulting-fashion,,"FCPCONSULTING offers a balance between creativity and technical expertise, supporting fashion brands in optimizing production or launching their own collections.",,,,,70,"The company operates in fashion production optimization, making it a good potential client for AI sorting automation to improve efficiency.",yahoo_linkedin,,,,,,pending,357b219d-5ff0-4d84-9313-c45da5b348ee,[],,
Fashion Production Solutions,Supply Chain & Production Solutions,https://nl.linkedin.com/company/fashion-production-solutions,,Fashion Production Solutions (FPS) helps companies gain better control of their supply chains and improve operational efficiency.,210 followers,,,,70,"Operates in fashion production and supply chain efficiency, aligning well with AI automation for clothing workflows.",yahoo_linkedin,,,,,,pending,357b219d-5ff0-4d84-9313-c45da5b348ee,[],,
Fashion Retail Operations,Retail & Fashion Operations,https://www.linkedin.com/company/fashion-retail-operations,,"Fashion Retail Operations focuses on ideas, innovation, and practicality within the retail fashion industry.",2 followers,,,,60,Operates in the retail fashion industry where clothing production efficiency could benefit from AI-powered sorting automation.,yahoo_linkedin,,,,,,pending,357b219d-5ff0-4d84-9313-c45da5b348ee,[],,
Giorgio Armani Operations,Luxury Fashion Manufacturing,https://www.linkedin.com/company/giorgio-armani-operations,,"GA Operations is the operating company of the Giorgio Armani Group, managing the industrialization and manufacturing of apparel, accessories, leather goods, and home interiors for the brand.",,,,,85,"The company focuses on apparel and accessories manufacturing, aligning closely with AI-powered sorting automation for clothing production workflows.",yahoo_linkedin,,,,,,pending,357b219d-5ff0-4d84-9313-c45da5b348ee,[],,
The Fashion Production Company,Sourcing & Manufacturing,https://www.linkedin.com/company/the-fashion-production,,"The Fashion Production Company specializes in sourcing and manufacturing services, managing all aspects of production for clients.",22 followers,,,,75,"Operates in clothing manufacturing where automation can improve production efficiency, aligning well with the described services.",yahoo_linkedin,,,,,,pending,357b219d-5ff0-4d84-9313-c45da5b348ee,[],,
SB Fashion Production,Fashion Apparel Development & Design,https://www.linkedin.com/company/sb-fashion-production,,"SB Fashion Production is a fashion apparel, development, and design agency helping brands start their own lines or produce merchandise through European manufacturers.",,,,,75,The company operates in clothing production and could benefit from automation solutions that improve efficiency and quality.,yahoo_linkedin,,,,,,pending,357b219d-5ff0-4d84-9313-c45da5b348ee,[],,
CNC Agency (Coffee 'n Clothes),Experiential Marketing & Production,https://www.linkedin.com/company/cnc-globalagency,,"CNC Agency specializes in experiential production, branded merchandise, custom product development, and campus marketing through its CNC College program.",,,,,35,The company operates in experiential marketing and product development rather than clothing production or manufacturing automation.,yahoo_linkedin,,,,,,pending,357b219d-5ff0-4d84-9313-c45da5b348ee,[],,
VVEAVE,Fashion production software,https://www.linkedin.com/company/vveave,,"Team of fashion production specialists, physicists, and engineers developing solutions using operations research and software engineering.",,,,,85,"VVEAVE develops software solutions for fashion production, which aligns closely with AI-powered automation for clothing workflows.",yahoo_linkedin,,,,,,pending,357b219d-5ff0-4d84-9313-c45da5b348ee,[],,
AIMS360,Fashion manufacturing and business management software,https://www.linkedin.com/company/aims-360-apparel-erp-software,https://www.aims360.com,"Cloud-based, fully integrated inventory, order, and production processing system for fashion businesses.",,,,,60,"AIMS360 operates in fashion manufacturing software, aligning with clothing production workflows but focused more on management than automation.",yahoo_linkedin,,,,,,pending,357b219d-5ff0-4d84-9313-c45da5b348ee,[],,
DeSL,Fashion and apparel software,https://www.linkedin.com/company/desl,,Provides tools and systems to improve business efficiency and sustainability across fashion and apparel industries.,,,,,70,"DeSL operates in fashion and apparel software, aligning well with automation and efficiency goals in clothing production workflows.",yahoo_linkedin,,,,,,pending,357b219d-5ff0-4d84-9313-c45da5b348ee,[],,
"Tukatech, Inc.",Fashion technology systems,https://www.linkedin.com/company/tukatech-inc,,Offers end‑to‑end fashion technology systems transforming fashion businesses through innovation.,,,,,75,"Operates in fashion technology, aligning well with clothing production automation though may offer overlapping solutions.",yahoo_linkedin,,,,,,pending,357b219d-5ff0-4d84-9313-c45da5b348ee,[],,
東レACS株式会社,Fashion CAD software,,https://www.toray-acs.co.jp,Developer of 2D/3D fashion CAD and pattern making software solutions.,,,,,60,"Operates in fashion technology and software closely related to clothing production, making it a good potential match for AI-powered workflow automation.",yahoo_linkedin,,,,,,pending,357b219d-5ff0-4d84-9313-c45da5b348ee,[],,
Gherzi Organisation,Textile & Fashion Consulting,https://www.linkedin.com/company/gherzi-textil-organisation,,"Provides comprehensive services across strategy, marketing, operations, technology, and engineering for fashion and textile industries.",,,,,65,"Operates within the textile and fashion industry and may advise or implement production improvements, making it a good potential match for AI-powered sorting automation.",yahoo_linkedin,,,,,,pending,357b219d-5ff0-4d84-9313-c45da5b348ee,[],,
Alitestar,Brand Design Consultancy,https://in.linkedin.com/company/alitestar,,"Brand design consultancy working with early-stage startups across healthcare tech, fashion, gaming, and consumer goods.",,,,,45,"Alitestar operates in brand design consulting, which is adjacent to fashion but not directly involved in clothing production workflows.",yahoo_linkedin,,,,,,pending,357b219d-5ff0-4d84-9313-c45da5b348ee,[],,
IIGM,Apparel & Textile Technology,https://www.linkedin.com/company/iigm,,"Provides technology and services to the apparel, textile, home fashions, technical textile, composites, and electrical industries.",,,,,75,"Operates in apparel and textile technology, aligning well with clothing production automation needs though somewhat broader than the target focus.",yahoo_linkedin,,,,,,pending,357b219d-5ff0-4d84-9313-c45da5b348ee,[],,
Coats Digital,Fashion Technology Solutions,https://www.linkedin.com/company/coats-digital,,Offers specialist software suites for fashion manufacturers and brands to improve digital operations.,,,,,70,"Provides digital solutions for fashion manufacturers, aligning well with AI automation in clothing production workflows.",yahoo_linkedin,,,,,,pending,357b219d-5ff0-4d84-9313-c45da5b348ee,[],,
KCD,Fashion Communications & PR,https://www.linkedin.com/company/kcd,,A global agency providing fashion expertise and services to culture-driven industries across luxury and community sectors.,,,,,35,"KCD operates in fashion communications and PR, which is unrelated to clothing production automation.",yahoo_linkedin,,,,,,pending,357b219d-5ff0-4d84-9313-c45da5b348ee,[],,
